{"initial_reset_timestamp": 1616427730.293472, "timestamps": [1616427730.297062, 1616427730.300975, 1616427730.303894, 1616427730.3066869, 1616427730.3217862, 1616427730.324694, 1616427730.326884, 1616427730.336967, 1616427730.339066, 1616427730.352389, 1616427730.3550668, 1616427730.3578691, 1616427730.360001, 1616427730.362188, 1616427730.364743, 1616427730.367629, 1616427730.3733811, 1616427730.378905, 1616427730.3818, 1616427730.3958569, 1616427730.398914, 1616427730.401206, 1616427730.4035041, 1616427730.415563, 1616427730.418045, 1616427730.420547, 1616427730.429249, 1616427730.431777, 1616427730.433861, 1616427730.436523, 1616427730.450494, 1616427730.46501, 1616427730.4682088, 1616427730.470839, 1616427730.482293, 1616427730.4848158, 1616427730.487593, 1616427730.506347, 1616427730.523149, 1616427730.525598, 1616427730.528214, 1616427730.530988, 1616427730.5339992, 1616427730.537035, 1616427730.539859, 1616427730.5426502, 1616427730.545093, 1616427730.547754, 1616427730.553613, 1616427730.556545, 1616427730.572664, 1616427730.5754209, 1616427730.577761, 1616427730.5804071, 1616427730.582923, 1616427730.5981178, 1616427730.601559, 1616427730.619097, 1616427730.622307, 1616427730.6274009, 1616427730.650252, 1616427730.6527638, 1616427730.6599848, 1616427730.662177, 1616427730.664544, 1616427730.666971, 1616427730.6694882, 1616427730.672075, 1616427730.674824, 1616427730.6832151, 1616427730.698057, 1616427730.7167308, 1616427730.720495, 1616427730.722819, 1616427730.741982, 1616427730.7452302, 1616427730.7631528, 1616427730.766655, 1616427730.770231, 1616427730.7726521, 1616427730.786512, 1616427730.788864, 1616427730.791905, 1616427730.799627, 1616427730.817512, 1616427730.820236, 1616427730.834759, 1616427730.8370402, 1616427730.839523, 1616427730.8414001, 1616427730.843311, 1616427730.853983, 1616427730.856323, 1616427730.865782, 1616427730.893949, 1616427730.906993, 1616427730.910235, 1616427730.92672, 1616427730.939276, 1616427730.9418728, 1616427730.944134, 1616427730.9583979, 1616427730.9606981, 1616427730.962642, 1616427730.9654882, 1616427730.9675698, 1616427730.976573, 1616427730.987576, 1616427730.996897, 1616427731.0080268, 1616427731.017502, 1616427731.026613, 1616427731.0357382, 1616427731.04405, 1616427731.060323, 1616427731.068937, 1616427731.0787342, 1616427731.089782, 1616427731.0997791, 1616427731.109351, 1616427731.119612, 1616427731.148663, 1616427731.181817, 1616427731.1929731, 1616427731.244415, 1616427731.255272, 1616427731.26528, 1616427731.275124, 1616427731.2848792, 1616427731.3058612, 1616427731.3166552, 1616427731.327512, 1616427731.339614, 1616427731.3515751, 1616427731.36355, 1616427731.376703, 1616427731.404114, 1616427731.4301069, 1616427731.4425118, 1616427731.475626, 1616427731.4878669, 1616427731.528466, 1616427731.542486, 1616427731.553694, 1616427731.5661361, 1616427731.5929039, 1616427731.623735, 1616427731.635547, 1616427731.646569, 1616427731.6578372, 1616427731.6699069, 1616427731.681644, 1616427731.710645, 1616427731.7408361, 1616427731.751731, 1616427731.7605278, 1616427731.7693079, 1616427731.7785442, 1616427731.7890801, 1616427731.798358, 1616427731.820113, 1616427731.8307478, 1616427731.863169, 1616427731.878093, 1616427731.907114, 1616427731.916605, 1616427731.93939, 1616427731.964463, 1616427731.988468, 1616427731.998652, 1616427732.007833, 1616427732.033477, 1616427732.059343, 1616427732.071834, 1616427732.082919, 1616427732.110139, 1616427732.120457, 1616427732.130543, 1616427732.157632, 1616427732.185955, 1616427732.197768, 1616427732.2090409, 1616427732.220617, 1616427732.280122, 1616427732.291829, 1616427732.337224, 1616427732.362962, 1616427732.3736079, 1616427732.384089, 1616427732.396288, 1616427732.4083588, 1616427732.421004, 1616427732.4318101, 1616427732.443192, 1616427732.453919, 1616427732.464892, 1616427732.4763389, 1616427732.487978, 1616427732.499212, 1616427732.5101461], "episode_lengths": [1, 1, 1, 1, 1, 1, 1, 3, 1, 2, 1, 1, 1, 1, 1, 1, 2, 2, 1, 2, 1, 1, 1, 2, 1, 1, 2, 1, 1, 1, 1, 1, 1, 1, 1, 1, 1, 1, 2, 1, 1, 1, 1, 1, 1, 1, 1, 1, 2, 1, 2, 1, 1, 1, 1, 1, 1, 1, 1, 1, 2, 1, 2, 1, 1, 1, 1, 1, 1, 3, 1, 2, 1, 1, 2, 1, 1, 1, 1, 1, 1, 1, 1, 2, 1, 1, 1, 1, 1, 1, 1, 1, 1, 2, 3, 2, 1, 1, 1, 1, 1, 1, 1, 1, 1, 1, 1, 1, 1, 1, 1, 1, 1, 1, 2, 1, 1, 1, 1, 1, 1, 1, 3, 1, 3, 1, 1, 1, 1, 2, 1, 1, 1, 1, 1, 1, 2, 2, 1, 2, 1, 2, 1, 1, 1, 2, 1, 1, 1, 1, 1, 1, 2, 2, 1, 1, 1, 1, 1, 1, 1, 1, 2, 1, 1, 1, 2, 2, 2, 1, 1, 1, 2, 1, 1, 1, 1, 1, 2, 1, 1, 1, 1, 3, 1, 3, 2, 1, 1, 1, 1, 1, 1, 1, 1, 1, 1, 1, 1, 1],