{"initial_reset_timestamp": 1616427706.486762, "timestamps": [1616427706.4940538, 1616427706.496369, 1616427706.4991539, 1616427706.502475, 1616427706.5159261, 1616427706.518731, 1616427706.520747, 1616427706.52931, 1616427706.531181, 1616427706.541929, 1616427706.54407, 1616427706.545973, 1616427706.5477078, 1616427706.549516, 1616427706.5513759, 1616427706.5537112, 1616427706.558105, 1616427706.562828, 1616427706.564887, 1616427706.5767481, 1616427706.578961, 1616427706.58091, 1616427706.582656, 1616427706.592919, 1616427706.595129, 1616427706.5968971, 1616427706.6043782, 1616427706.606365, 1616427706.6081312, 1616427706.610077, 1616427706.622047, 1616427706.635265, 1616427706.6375701, 1616427706.639812, 1616427706.649579, 1616427706.651474, 1616427706.6538491, 1616427706.667129, 1616427706.6795678, 1616427706.681461, 1616427706.683456, 1616427706.685548, 1616427706.68792, 1616427706.69028, 1616427706.692069, 1616427706.694252, 1616427706.696176, 1616427706.6980128, 1616427706.7022002, 1616427706.704594, 1616427706.717141, 1616427706.719208, 1616427706.7209358, 1616427706.7228632, 1616427706.724807, 1616427706.73656, 1616427706.7390459, 1616427706.7524428, 1616427706.754894, 1616427706.757161, 1616427706.772247, 1616427706.774192, 1616427706.780304, 1616427706.782185, 1616427706.783926, 1616427706.785871, 1616427706.788123, 1616427706.790263, 1616427706.792456, 1616427706.7994418, 1616427706.811579, 1616427706.826839, 1616427706.8291829, 1616427706.8310359, 1616427706.844863, 1616427706.8467991, 1616427706.8574028, 1616427706.8591738, 1616427706.861071, 1616427706.862877, 1616427706.8737469, 1616427706.8755252, 1616427706.877604, 1616427706.883631, 1616427706.8978162, 1616427706.899998, 1616427706.912173, 1616427706.914148, 1616427706.9164329, 1616427706.918147, 1616427706.919989, 1616427706.930326, 1616427706.9324841, 1616427706.941628, 1616427706.966212, 1616427706.976467, 1616427706.978951, 1616427706.993324, 1616427707.004837, 1616427707.007369, 1616427707.009422, 1616427707.0238621, 1616427707.026142, 1616427707.027933, 1616427707.0312252, 1616427707.03363, 1616427707.0457861, 1616427707.0544698, 1616427707.061821, 1616427707.07139, 1616427707.078511, 1616427707.0862489, 1616427707.093992, 1616427707.101426, 1616427707.117931, 1616427707.1260512, 1616427707.133543, 1616427707.141576, 1616427707.1491442, 1616427707.1566432, 1616427707.16501, 1616427707.18711, 1616427707.212841, 1616427707.22107, 1616427707.258386, 1616427707.266888, 1616427707.2754922, 1616427707.283981, 1616427707.2919831, 1616427707.309147, 1616427707.317666, 1616427707.325036, 1616427707.3331578, 1616427707.3401952, 1616427707.3478122, 1616427707.3554811, 1616427707.3733351, 1616427707.390841, 1616427707.398592, 1616427707.417058, 1616427707.42485, 1616427707.453353, 1616427707.462118, 1616427707.470072, 1616427707.4777029, 1616427707.494553, 1616427707.514796, 1616427707.522461, 1616427707.529975, 1616427707.537461, 1616427707.545814, 1616427707.554152, 1616427707.5764391, 1616427707.602998, 1616427707.612134, 1616427707.6208608, 1616427707.6295319, 1616427707.6393669, 1616427707.649014, 1616427707.657619, 1616427707.676086, 1616427707.684413, 1616427707.703941, 1616427707.7125099, 1616427707.7333891, 1616427707.741119, 1616427707.762531, 1616427707.786717, 1616427707.806419, 1616427707.814676, 1616427707.822125, 1616427707.841563, 1616427707.861044, 1616427707.868767, 1616427707.876797, 1616427707.896996, 1616427707.904661, 1616427707.912195, 1616427707.933235, 1616427707.95427, 1616427707.962566, 1616427707.969988, 1616427707.977896, 1616427708.014814, 1616427708.023531, 1616427708.06164, 1616427708.0834088, 1616427708.091394, 1616427708.098987, 1616427708.107921, 1616427708.116377, 1616427708.12533, 1616427708.134261, 1616427708.143265, 1616427708.151499, 1616427708.1600482, 1616427708.16977, 1616427708.180956, 1616427708.190688, 1616427708.200547], "episode_lengths": [1, 1, 1, 1, 1, 1, 1, 3, 1, 2, 1, 1, 1, 1, 1, 1, 2, 2, 1, 2, 1, 1, 1, 2, 1, 1, 2, 1, 1, 1, 1, 1, 1, 1, 1, 1, 1, 1, 2, 1, 1, 1, 1, 1, 1, 1, 1, 1, 2, 1, 2, 1, 1, 1, 1, 1, 1, 1, 1, 1, 2, 1, 2, 1, 1, 1, 1, 1, 1, 3, 1, 2, 1, 1, 2, 1, 1, 1, 1, 1, 1, 1, 1, 2, 1, 1, 1, 1, 1, 1, 1, 1, 1, 2, 3, 2, 1, 1, 1, 1, 1, 1, 1, 1, 1, 1, 1, 1, 1, 1, 1, 1, 1, 1, 2, 1, 1, 1, 1, 1, 1, 1, 3, 1, 3, 1, 1, 1, 1, 2, 1, 1, 1, 1, 1, 1, 2, 2, 1, 2, 1, 2, 1, 1, 1, 2, 1, 1, 1, 1, 1, 1, 2, 2, 1, 1, 1, 1, 1, 1, 1, 1, 2, 1, 1, 1, 2, 2, 2, 1, 1, 1, 2, 1, 1, 1, 1, 1, 2, 1, 1, 1, 1, 3, 1, 3, 2, 1, 1, 1, 1, 1, 1, 1, 1, 1, 1, 1, 1, 1],