{"initial_reset_timestamp": 1616427717.96112, "timestamps": [1616427717.963451, 1616427717.96665, 1616427717.9702652, 1616427717.973655, 1616427717.987404, 1616427717.990473, 1616427717.992608, 1616427718.002563, 1616427718.004742, 1616427718.0186508, 1616427718.021178, 1616427718.023467, 1616427718.0253599, 1616427718.027241, 1616427718.0293288, 1616427718.032819, 1616427718.0376692, 1616427718.042822, 1616427718.044962, 1616427718.0576289, 1616427718.0598578, 1616427718.061931, 1616427718.0639, 1616427718.0746748, 1616427718.0768828, 1616427718.0786428, 1616427718.087104, 1616427718.089131, 1616427718.0909, 1616427718.0928588, 1616427718.10512, 1616427718.117944, 1616427718.120387, 1616427718.122837, 1616427718.133518, 1616427718.135637, 1616427718.137984, 1616427718.152715, 1616427718.1655722, 1616427718.167616, 1616427718.169857, 1616427718.1721852, 1616427718.174449, 1616427718.1767218, 1616427718.17846, 1616427718.180502, 1616427718.183104, 1616427718.184981, 1616427718.1893592, 1616427718.191547, 1616427718.203398, 1616427718.2054489, 1616427718.2071722, 1616427718.2090821, 1616427718.210891, 1616427718.221535, 1616427718.223893, 1616427718.2366211, 1616427718.2390158, 1616427718.2412522, 1616427718.2557151, 1616427718.257786, 1616427718.263867, 1616427718.265744, 1616427718.2676759, 1616427718.2697542, 1616427718.272105, 1616427718.27425, 1616427718.2764218, 1616427718.284249, 1616427718.2964532, 1616427718.3122728, 1616427718.314754, 1616427718.316637, 1616427718.330448, 1616427718.332381, 1616427718.342997, 1616427718.344831, 1616427718.346977, 1616427718.349042, 1616427718.3607008, 1616427718.3632178, 1616427718.365927, 1616427718.374393, 1616427718.3926048, 1616427718.395802, 1616427718.4118762, 1616427718.414884, 1616427718.41814, 1616427718.420452, 1616427718.422663, 1616427718.436008, 1616427718.438841, 1616427718.450402, 1616427718.4811342, 1616427718.493821, 1616427718.4973319, 1616427718.5146828, 1616427718.527781, 1616427718.530144, 1616427718.532311, 1616427718.5454772, 1616427718.547664, 1616427718.549514, 1616427718.5519428, 1616427718.553781, 1616427718.561881, 1616427718.572511, 1616427718.580689, 1616427718.589968, 1616427718.5985641, 1616427718.60725, 1616427718.615517, 1616427718.6238441, 1616427718.6441112, 1616427718.654811, 1616427718.663033, 1616427718.673721, 1616427718.6820438, 1616427718.6919198, 1616427718.7026381, 1616427718.731135, 1616427718.760897, 1616427718.770196, 1616427718.816416, 1616427718.824882, 1616427718.8336158, 1616427718.8419552, 1616427718.85042, 1616427718.871438, 1616427718.882043, 1616427718.892546, 1616427718.90265, 1616427718.9134579, 1616427718.923829, 1616427718.933393, 1616427718.9532108, 1616427718.973498, 1616427718.984212, 1616427719.0112152, 1616427719.0215979, 1616427719.0608242, 1616427719.0750248, 1616427719.086421, 1616427719.096457, 1616427719.119413, 1616427719.143138, 1616427719.153731, 1616427719.162587, 1616427719.172253, 1616427719.186817, 1616427719.1993191, 1616427719.2227771, 1616427719.2477498, 1616427719.2560792, 1616427719.265184, 1616427719.2757928, 1616427719.2872262, 1616427719.2979178, 1616427719.307503, 1616427719.328471, 1616427719.33828, 1616427719.359724, 1616427719.368771, 1616427719.395087, 1616427719.404139, 1616427719.426446, 1616427719.450623, 1616427719.4770932, 1616427719.4893599, 1616427719.5002959, 1616427719.5243049, 1616427719.546109, 1616427719.554986, 1616427719.565187, 1616427719.592784, 1616427719.603371, 1616427719.613153, 1616427719.6426618, 1616427719.668889, 1616427719.6797729, 1616427719.689575, 1616427719.700074, 1616427719.739924, 1616427719.748045, 1616427719.788694, 1616427719.813814, 1616427719.822593, 1616427719.831007, 1616427719.8399491, 1616427719.8486788, 1616427719.8582232, 1616427719.8670871, 1616427719.876974, 1616427719.886282, 1616427719.895776, 1616427719.906383, 1616427719.916203, 1616427719.925806, 1616427719.935467], "episode_lengths": [1, 1, 1, 1, 1, 1, 1, 3, 1, 2, 1, 1, 1, 1, 1, 1, 2, 2, 1, 2, 1, 1, 1, 2, 1, 1, 2, 1, 1, 1, 1, 1, 1, 1, 1, 1, 1, 1, 2, 1, 1, 1, 1, 1, 1, 1, 1, 1, 2, 1, 2, 1, 1, 1, 1, 1, 1, 1, 1, 1, 2, 1, 2, 1, 1, 1, 1, 1, 1, 3, 1, 2, 1, 1, 2, 1, 1, 1, 1, 1, 1, 1, 1, 2, 1, 1, 1, 1, 1, 1, 1, 1, 1, 2, 3, 2, 1, 1, 1, 1, 1, 1, 1, 1, 1, 1, 1, 1, 1, 1, 1, 1, 1, 1, 2, 1, 1, 1, 1, 1, 1, 1, 3, 1, 3, 1, 1, 1, 1, 2, 1, 1, 1, 1, 1, 1, 2, 2, 1, 2, 1, 2, 1, 1, 1, 2, 1, 1, 1, 1, 1, 1, 2, 2, 1, 1, 1, 1, 1, 1, 1, 1, 2, 1, 1, 1, 2, 2, 2, 1, 1, 1, 2, 1, 1, 1, 1, 1, 2, 1, 1, 1, 1, 3, 1, 3, 2, 1, 1, 1, 1, 1, 1, 1, 1, 1, 1, 1, 1, 1],