{"initial_reset_timestamp": 1616427712.02612, "timestamps": [1616427712.028865, 1616427712.031562, 1616427712.034344, 1616427712.0371509, 1616427712.0492291, 1616427712.051682, 1616427712.0535629, 1616427712.0614588, 1616427712.0633469, 1616427712.074674, 1616427712.077013, 1616427712.079103, 1616427712.080874, 1616427712.0829718, 1616427712.084828, 1616427712.087127, 1616427712.091476, 1616427712.0961878, 1616427712.098582, 1616427712.1102421, 1616427712.11252, 1616427712.114502, 1616427712.116277, 1616427712.126358, 1616427712.128584, 1616427712.130359, 1616427712.137847, 1616427712.139827, 1616427712.1415622, 1616427712.143508, 1616427712.155296, 1616427712.1673012, 1616427712.169784, 1616427712.172148, 1616427712.1823318, 1616427712.184364, 1616427712.186529, 1616427712.2001312, 1616427712.2119539, 1616427712.213975, 1616427712.215965, 1616427712.218014, 1616427712.2202592, 1616427712.2225668, 1616427712.224334, 1616427712.226528, 1616427712.228365, 1616427712.230186, 1616427712.234318, 1616427712.2364879, 1616427712.248132, 1616427712.250185, 1616427712.2519412, 1616427712.253896, 1616427712.255755, 1616427712.26637, 1616427712.268713, 1616427712.2815418, 1616427712.284194, 1616427712.286436, 1616427712.3006852, 1616427712.302689, 1616427712.3088331, 1616427712.310716, 1616427712.312518, 1616427712.3144782, 1616427712.316735, 1616427712.318877, 1616427712.321075, 1616427712.328062, 1616427712.34016, 1616427712.3553112, 1616427712.357646, 1616427712.3595, 1616427712.373596, 1616427712.375605, 1616427712.3867571, 1616427712.388669, 1616427712.390611, 1616427712.392457, 1616427712.403821, 1616427712.405726, 1616427712.407886, 1616427712.414313, 1616427712.428711, 1616427712.430968, 1616427712.443438, 1616427712.445502, 1616427712.44786, 1616427712.44962, 1616427712.451484, 1616427712.4615161, 1616427712.463692, 1616427712.473022, 1616427712.499062, 1616427712.509283, 1616427712.5118542, 1616427712.526036, 1616427712.5369458, 1616427712.5389829, 1616427712.54097, 1616427712.5536242, 1616427712.5556989, 1616427712.557451, 1616427712.55982, 1616427712.561644, 1616427712.570155, 1616427712.58039, 1616427712.58924, 1616427712.5977862, 1616427712.6050408, 1616427712.612681, 1616427712.620369, 1616427712.627956, 1616427712.64466, 1616427712.6522932, 1616427712.659888, 1616427712.6685078, 1616427712.677856, 1616427712.687671, 1616427712.698956, 1616427712.727946, 1616427712.7606242, 1616427712.7709088, 1616427712.816138, 1616427712.825342, 1616427712.834856, 1616427712.8441222, 1616427712.852803, 1616427712.871994, 1616427712.882417, 1616427712.890499, 1616427712.898601, 1616427712.906919, 1616427712.91483, 1616427712.922084, 1616427712.9392178, 1616427712.956418, 1616427712.964001, 1616427712.986751, 1616427712.994505, 1616427713.029669, 1616427713.0402691, 1616427713.048683, 1616427713.05734, 1616427713.0796218, 1616427713.103858, 1616427713.1124449, 1616427713.121119, 1616427713.130518, 1616427713.140482, 1616427713.150881, 1616427713.1800818, 1616427713.211379, 1616427713.222034, 1616427713.2320058, 1616427713.2398632, 1616427713.247815, 1616427713.255923, 1616427713.2634501, 1616427713.2817018, 1616427713.289803, 1616427713.309712, 1616427713.318311, 1616427713.339648, 1616427713.347557, 1616427713.3691971, 1616427713.391693, 1616427713.41154, 1616427713.419992, 1616427713.4276218, 1616427713.449078, 1616427713.467765, 1616427713.4760902, 1616427713.484478, 1616427713.50511, 1616427713.5123641, 1616427713.5200698, 1616427713.541312, 1616427713.563235, 1616427713.571873, 1616427713.579463, 1616427713.588085, 1616427713.627777, 1616427713.635606, 1616427713.6736362, 1616427713.695559, 1616427713.703896, 1616427713.711614, 1616427713.720598, 1616427713.72848, 1616427713.736879, 1616427713.744681, 1616427713.752463, 1616427713.759433, 1616427713.767373, 1616427713.775991, 1616427713.784446, 1616427713.792436, 1616427713.801514], "episode_lengths": [1, 1, 1, 1, 1, 1, 1, 3, 1, 2, 1, 1, 1, 1, 1, 1, 2, 2, 1, 2, 1, 1, 1, 2, 1, 1, 2, 1, 1, 1, 1, 1, 1, 1, 1, 1, 1, 1, 2, 1, 1, 1, 1, 1, 1, 1, 1, 1, 2, 1, 2, 1, 1, 1, 1, 1, 1, 1, 1, 1, 2, 1, 2, 1, 1, 1, 1, 1, 1, 3, 1, 2, 1, 1, 2, 1, 1, 1, 1, 1, 1, 1, 1, 2, 1, 1, 1, 1, 1, 1, 1, 1, 1, 2, 3, 2, 1, 1, 1, 1, 1, 1, 1, 1, 1, 1, 1, 1, 1, 1, 1, 1, 1, 1, 2, 1, 1, 1, 1, 1, 1, 1, 3, 1, 3, 1, 1, 1, 1, 2, 1, 1, 1, 1, 1, 1, 2, 2, 1, 2, 1, 2, 1, 1, 1, 2, 1, 1, 1, 1, 1, 1, 2, 2, 1, 1, 1, 1, 1, 1, 1, 1, 2, 1, 1, 1, 2, 2, 2, 1, 1, 1, 2, 1, 1, 1, 1, 1, 2, 1, 1, 1, 1, 3, 1, 3, 2, 1, 1, 1, 1, 1, 1, 1, 1, 1, 1, 1, 1, 1],