{"initial_reset_timestamp": 1616427724.0774689, "timestamps": [1616427724.0796921, 1616427724.082609, 1616427724.084737, 1616427724.08715, 1616427724.0991738, 1616427724.10146, 1616427724.10319, 1616427724.111346, 1616427724.113257, 1616427724.1243892, 1616427724.126762, 1616427724.128959, 1616427724.130829, 1616427724.132577, 1616427724.134389, 1616427724.136679, 1616427724.1410408, 1616427724.145727, 1616427724.147813, 1616427724.159622, 1616427724.161823, 1616427724.16375, 1616427724.165483, 1616427724.178268, 1616427724.18098, 1616427724.183428, 1616427724.191906, 1616427724.194188, 1616427724.196256, 1616427724.199541, 1616427724.213813, 1616427724.228377, 1616427724.2312782, 1616427724.233797, 1616427724.245714, 1616427724.247987, 1616427724.250448, 1616427724.264489, 1616427724.276649, 1616427724.278463, 1616427724.280375, 1616427724.2831411, 1616427724.285507, 1616427724.287741, 1616427724.2895901, 1616427724.291627, 1616427724.293431, 1616427724.295233, 1616427724.299708, 1616427724.3019478, 1616427724.314111, 1616427724.3161888, 1616427724.318034, 1616427724.319942, 1616427724.321752, 1616427724.332223, 1616427724.3345, 1616427724.3472152, 1616427724.349644, 1616427724.351867, 1616427724.366907, 1616427724.369751, 1616427724.3775418, 1616427724.37978, 1616427724.382329, 1616427724.3849049, 1616427724.3875961, 1616427724.389973, 1616427724.392477, 1616427724.401372, 1616427724.415643, 1616427724.433362, 1616427724.436018, 1616427724.438015, 1616427724.45407, 1616427724.456979, 1616427724.4696891, 1616427724.472529, 1616427724.474874, 1616427724.4770088, 1616427724.491133, 1616427724.4933, 1616427724.4961128, 1616427724.504419, 1616427724.521709, 1616427724.524371, 1616427724.53904, 1616427724.5418172, 1616427724.544729, 1616427724.546753, 1616427724.549022, 1616427724.561248, 1616427724.564026, 1616427724.575037, 1616427724.603462, 1616427724.6152189, 1616427724.617984, 1616427724.636248, 1616427724.6513531, 1616427724.653963, 1616427724.656584, 1616427724.672079, 1616427724.674552, 1616427724.6764941, 1616427724.679376, 1616427724.682046, 1616427724.6908212, 1616427724.700605, 1616427724.7088141, 1616427724.717761, 1616427724.725914, 1616427724.733979, 1616427724.7423942, 1616427724.752183, 1616427724.775083, 1616427724.786473, 1616427724.797643, 1616427724.809495, 1616427724.819665, 1616427724.8295271, 1616427724.840723, 1616427724.870199, 1616427724.905914, 1616427724.9152231, 1616427724.959009, 1616427724.969413, 1616427724.980927, 1616427724.993141, 1616427725.003123, 1616427725.0243042, 1616427725.0337431, 1616427725.042899, 1616427725.052156, 1616427725.061633, 1616427725.071112, 1616427725.08013, 1616427725.1032598, 1616427725.12625, 1616427725.135884, 1616427725.164803, 1616427725.1768079, 1616427725.215208, 1616427725.225185, 1616427725.234009, 1616427725.24302, 1616427725.265631, 1616427725.292599, 1616427725.3021472, 1616427725.311039, 1616427725.31989, 1616427725.330156, 1616427725.340441, 1616427725.368219, 1616427725.402546, 1616427725.411954, 1616427725.420755, 1616427725.429672, 1616427725.438688, 1616427725.4485152, 1616427725.457209, 1616427725.478397, 1616427725.48772, 1616427725.509634, 1616427725.519986, 1616427725.545516, 1616427725.554519, 1616427725.57899, 1616427725.6059048, 1616427725.628722, 1616427725.638026, 1616427725.6461499, 1616427725.669188, 1616427725.697899, 1616427725.7086442, 1616427725.7208488, 1616427725.747013, 1616427725.756063, 1616427725.7653902, 1616427725.7946508, 1616427725.819059, 1616427725.828529, 1616427725.836363, 1616427725.8449862, 1616427725.88973, 1616427725.898981, 1616427725.945079, 1616427725.969724, 1616427725.978957, 1616427725.9878669, 1616427725.998005, 1616427726.008275, 1616427726.019281, 1616427726.0289059, 1616427726.0381062, 1616427726.047217, 1616427726.057646, 1616427726.06791, 1616427726.077632, 1616427726.087122, 1616427726.0967171], "episode_lengths": [1, 1, 1, 1, 1, 1, 1, 3, 1, 2, 1, 1, 1, 1, 1, 1, 2, 2, 1, 2, 1, 1, 1, 2, 1, 1, 2, 1, 1, 1, 1, 1, 1, 1, 1, 1, 1, 1, 2, 1, 1, 1, 1, 1, 1, 1, 1, 1, 2, 1, 2, 1, 1, 1, 1, 1, 1, 1, 1, 1, 2, 1, 2, 1, 1, 1, 1, 1, 1, 3, 1, 2, 1, 1, 2, 1, 1, 1, 1, 1, 1, 1, 1, 2, 1, 1, 1, 1, 1, 1, 1, 1, 1, 2, 3, 2, 1, 1, 1, 1, 1, 1, 1, 1, 1, 1, 1, 1, 1, 1, 1, 1, 1, 1, 2, 1, 1, 1, 1, 1, 1, 1, 3, 1, 3, 1, 1, 1, 1, 2, 1, 1, 1, 1, 1, 1, 2, 2, 1, 2, 1, 2, 1, 1, 1, 2, 1, 1, 1, 1, 1, 1, 2, 2, 1, 1, 1, 1, 1, 1, 1, 1, 2, 1, 1, 1, 2, 2, 2, 1, 1, 1, 2, 1, 1, 1, 1, 1, 2, 1, 1, 1, 1, 3, 1, 3, 2, 1, 1, 1, 1, 1, 1, 1, 1, 1, 1, 1, 1, 1],